time_s,duration,swara
0.7169160997732427,0.04353741496598562,M2
0.760453514739229,0.055147392290248454,G2
0.7749659863945577,0.5224489795918275,M2
1.2451700680272109,0.6153287981859301,P2
1.340952380952381,0.6182312925169958,D2
1.3467573696145123,0.725623582766427,P2
1.4570521541950114,0.7343310657596241,D2
1.4686621315192745,0.745941043083887,P2
1.4831746031746031,0.745941043083887,D2
1.4860770975056687,0.9694331065759465,P2
1.712471655328798,0.9752380952380779,D2
1.7211791383219954,0.9897505668934065,P2
1.73859410430839,0.9926530612244722,D2
1.7443990929705215,1.0478004535147187,P2
1.8024489795918368,1.0623129251700467,D2
1.8198639455782313,1.068117913832178,P2
1.8285714285714283,1.3467573696144752,D2
2.110113378684807,1.3496598639455408,N2
2.115918367346939,1.68634920634915,D2
2.455510204081633,1.7124716553287405,N2
2.48453514739229,2.2900680272107943,S3
3.120181405895692,0.03192743764172157,R3
3.152108843537415,0.04063492063491836,S3
3.1637188208616775,0.055147392290246344,R3
3.1811337868480725,0.06675736961450873,S3
3.1956462585034013,0.07836734693877112,R3
3.21015873015873,0.0957823129251647,S3
3.2304761904761907,0.14222222222221426,R3
3.2798185941043085,0.15963718820860784,S3
3.3001360544217686,0.208979591836723,R3
3.3523809523809525,0.21188208616778859,S3
3.358185941043084,0.22929705215418217,R3
3.378503401360544,0.24380952380951015,S3
3.395918367346938,0.24671201814057575,R3
3.4017233560090703,0.26412698412696933,S3
3.422040816326531,0.554376417233529,R3
3.715192743764173,1.1493877551019764,S3
4.313106575963719,1.1842176870747636,N2
4.3508390022675725,1.7153741496597679,D2
4.884897959183673,2.2929705215418217,P2
5.465396825396826,2.882176870748138,D2
6.05750566893424,2.9141043083898595,N2
6.092335600907028,3.4887981859408477,S3
6.765714285714286,0.005804988662131194,G3
6.771519274376417,0.35120181405893725,R3
7.119818594104308,0.35990929705213404,G3
7.131428571428572,0.3773242630385276,R3
7.151746031746032,0.3831292517006588,G3
7.1604535147392285,0.4063492063491836,R3
7.186575963718821,0.42956916099770837,G3
7.279455782312925,0.005804988662131194,G3
7.285260770975057,1.1755102040815668,M3
8.457868480725624,1.1929251700679604,G3
8.478185941043083,1.6515192743763247,M3
8.939682539682542,1.6805442176869807,G3
8.971609977324263,1.7473015873014894,M3
9.04126984126984,1.7734240362810798,G3
9.070294784580499,1.793741496598539,R3
9.093514739229024,1.851791383219851,G3
10.347392290249433,0.5195464852607419,M3
10.866938775510205,0.6298412698412346,P3
10.980136054421768,0.8620408163264823,D3
11.215238095238096,1.079727891156402,P3
11.435827664399092,1.09424036281173,D3
11.49968253968254,0.28444444444425443,D3
11.784126984126983,0.3482993197276585,N3
11.850884353741495,0.41505668934212636,D3
11.920544217687077,0.5282539682536154,N3
12.036643990929706,0.5369614512468068,D3
12.707120181405896,0.5746938775506365,R4
13.940680272108844,0.023219954648510566,N3
13.963900226757367,0.534058956915743,D3
14.477641723356008,0.5804988662127641,P3
14.526984126984125,0.6066213151923385,D3
14.556009070294785,1.134875283445954,P3
15.08716553287982,1.764716553286803,M3
15.719909297052155,1.7850340136042497,G3
15.74312925170068,2.2436281179123334,M3
16.204625850340136,2.2581405895676525,G3
16.22204081632653,2.281360544216163,M3
16.32362811791383,0.02612244897960636,G3
16.349750566893423,0.5427664399095988,R3
16.869297052154195,0.5804988662134747,S3
16.909931972789117,0.6008163265309463,R3
16.93315192743764,1.0768253968259955,S3
17.412063492063492,1.111655328798804,R3
17.449795918367347,1.6805442176880092,S3
18.021587301587303,1.7531065759646935,N2
18.09705215419501,2.2581405895704165,D2
18.60498866213152,2.2668480725636186,P2
18.616598639455784,2.269750566894686,D2
18.622403628117915,2.890884353743104,P2
20.204263038548753,0.014512471655336867,P2
20.21877551020408,0.03192743764174111,D2
20.239092970521543,0.06965986394561696,P2
20.27972789115646,0.06965986394561696,D2
20.28263038548753,0.1973696145125814,P2
20.413242630385486,0.33378684807274794,D2
20.552562358276646,0.36571428571448905,N2
20.587392290249433,0.45278911564651025,D2
20.67736961451247,0.5195464852610598,N2
20.74702947845805,0.8301133786852688,S3
21.060498866213152,0.8533333333338078,R3
21.086621315192744,0.8562358276648752,S3
21.092426303854875,0.8823582766444815,R3
21.12145124716553,0.8910657596376836,S3
21.1330612244898,1.0913378684813324,R3
21.3362358276644,1.3554648526084634,S3
21.60326530612245,1.3728798185948676,N2
21.62358276643991,1.3873922902502045,D2
21.640997732426303,1.4048072562366087,N2
21.661315192743764,1.6747392290258745,D2
21.934149659863944,1.7037641723365482,P2
21.966077097505668,1.7066666666676156,D2
21.9718820861678,1.9330612244908707,P2
22.201179138322,1.9998185941054203,D2
22.27083900226757,2.0172335600918245,N2
22.29115646258504,2.0956009070306436,D2
22.37242630385488,2.1101133786859805,N2
22.389841269841266,2.2407256235840123,D2
22.52335600907029,2.2639455782325513,N2
22.549478458049887,2.525170068028615,S3
22.87746031746032,0.0029024943310638207,R3
22.880362811791382,0.008707482993191462,G3
22.88907029478458,0.20317460317446745,R3
23.08643990929705,0.2118820861676589,G3
23.098049886621315,0.24090702947829712,R3
23.12997732426304,0.2670294784578715,G3
23.159002267573698,0.9607256235821247,M3
23.85560090702948,1.0652154195004222,G3
23.962993197278912,1.0913378684799966,M3
23.99201814058957,1.1203628117906348,G3
24.023945578231288,1.1377777777770177,R3
24.044263038548753,1.1697052154187197,G3
24.981768707482992,0.03192743764170203,P3
25.01369614512472,0.06675736961446788,D3
25.051428571428573,0.20317460317446745,P3
25.19074829931973,0.2118820861676589,D3
25.2778231292517,0.24671201814072674,D3
25.58548752834467,0.24380952380936094,S4
25.8292970521542,0.25832199546468004,N3
25.84671201814059,0.27573696145106297,S4
25.867029478458047,0.27573696145106297,N3
25.86993197278912,0.2960544217685097,S4
26.827755102040815,0.0029024943310638207,D3
26.83065759637188,0.24671201814042476,P3
27.077369614512477,0.6327437641719129,M3
27.466303854875285,0.6530612244893597,G3
27.489523809523806,0.728526077097019,M3
27.567891156462583,0.7401360544212743,G3
27.58240362811792,0.777868480725104,M3
27.623038548752834,0.777868480725104,G3
27.6259410430839,0.8272108843531889,M3
27.724625850340132,0.01451247165535463,G3
27.739138321995465,0.3018594104313763,R3
28.02938775510204,0.5282539682549086,S3
28.25868480725624,0.5572789115656178,R3
28.29061224489796,0.5834013605452562,S3
28.319637188208617,0.5834013605452562,R3
28.322539682539684,0.8330158730173558,S3
28.575056689342404,0.8562358276659232,N2
28.601179138321996,0.8678458049902069,D2
28.615691609977326,0.905578231294129,N2
28.656326530612244,1.1319727891176612,D2
28.88562358276644,1.1551927437662286,P2
28.91174603174603,1.1609977324283705,D2
28.92045351473923,1.3960997732451155,P2
29.622857142857143,0.1393197278910634,G2
29.762176870748295,0.17124716553276542,M2
29.79700680272109,0.1828571428570207,P2
29.811519274376415,0.20607709750553127,D2
29.837641723356008,0.26122448979574386,P2
29.895691609977323,0.27573696145106297,D2
29.91310657596372,0.37151927437616905,P2
30.011791383219958,0.6704761904757426,D2
30.313650793650798,0.6995011337863808,N2
30.34557823129252,0.9984580498859543,S3
30.64743764172336,1.0245804988655287,R3
30.676462585034013,1.0390929705208478,S3
30.693877551020407,1.0448979591829755,R3
30.702585034013605,1.1377777777770177,S3
30.79836734693877,1.1900226757361665,R3
30.853514739229023,1.198730158729358,S3
30.86512471655329,1.2741950113370173,R3
31.91873015873016,0.005804988662127641,D2
31.924535147392287,0.09287981859404226,N2
32.01451247165533,0.10739229024936137,D2
32.03192743764173,0.11609977324255283,N2
32.04353741496599,0.1277097505668081,D2
32.05804988662132,0.13351473922893575,N2
32.066757369614514,0.1393197278910634,D2
32.07546485260771,0.2118820861676589,N2
32.15092970521542,0.2234920634919142,D2
32.16544217687075,0.24961451247148858,N2
32.496326530612244,0.01741496598640424,G3
32.51374149659864,0.13351473922909918,R3
32.63274376417234,0.13641723356016655,G3
32.63854875283447,0.17995464852617715,R3
32.68498866213152,0.217687074830053,G3
32.72562358276644,0.23219954648538987,R3
32.743038548752835,0.25541950113392886,G3
33.70086167800453,0.08997732426330884,G3
33.790839002267575,0.21478458049951143,R3
33.91854875283447,0.22929705215488383,G3
34.62095238095238,0.0029024943310673734,P3
34.62385487528345,0.10739229024949282,D3
34.73124716553288,0.12480725623589706,P3
34.75156462585034,0.2728344671203331,D3
34.90249433106576,0.38603174603196067,N3
35.01859410430839,0.458594104308645,D3
35.0940589569161,0.4934240362814535,N3
35.131791383219955,0.5137414965989251,D3
35.1956462585034,0.24380952380965937,S4
36.10993197278912,0.040634920634744276,N3
36.150566893424035,0.25832199546373147,D3
36.99519274376417,0.005804988662134747,G3
37.00099773242631,0.06965986394561696,M3
37.06775510204081,0.08997732426308858,G3
37.09097505668935,0.17124716553297503,M3
37.17514739229025,0.20027210884364877,G3
37.207074829931976,0.24671201814072674,M3
37.29995464852608,0.0029024943310531626,R3
37.302857142857135,0.020317460317372138,G3
37.32317460317461,0.32217687074690105,R3
37.62793650793651,0.5485714285690477,S3
38.20263038548753,0.26993197278926573,D2
38.47256235827665,0.5572789115649357,P2
39.19238095238095,0.07836734693881908,G2
39.27074829931973,0.10448979591842544,M2
39.299773242630394,0.22349206349218775,P2
39.421678004535146,0.36571428571448905,D2
39.56680272108844,0.38603174603196067,N2
40.010884353741496,0.0029024943310673734,N2
40.01378684807256,0.1538321995465708,D2
40.16761904761905,0.23800453514752462,P2
40.25469387755101,0.44117913832224076,D2
40.46077097505669,0.46439909297077975,N2
40.48689342403628,0.551473922902801,S3
40.61750566893424,0.01741496598640424,G3
40.63492063492063,0.11900226757376231,R3
40.739410430839,0.15673469387763816,G3
40.78004535147392,0.264126984127131,M3
40.89034013605442,0.27863945578246785,G3
40.90775510204082,0.4702040816329145,M3
41.102222222222224,0.48471655328825136,G3
41.11963718820862,0.5601814058960031,M3
41.19800453514739,0.5921088435377442,G3
41.23283446712018,0.6240362811794853,R3
41.267664399092965,0.6443537414969569,G3
41.2908843537415,0.7169160997736412,R3
41.366349206349206,0.769160997732854,S3
41.52308390022676,0.09868480725653228,M3
41.62176870748299,0.11609977324297915,G3
41.64208616780046,0.13351473922942603,M3
41.66240362811792,0.24380952381025622,P3
41.77560090702948,0.34829931972893746,D3
41.882993197278914,0.37732426303968225,N3
41.914920634920634,0.5572789115662999,S4
42.25160997732426,0.13931972789123392,S4
42.39092970521543,0.2292970521543225,N3
42.483809523809526,0.3047619047620742,D3
42.5621768707483,0.4382766439911734,P3
42.69859410430839,0.5979138321998789,M3
42.86113378684807,0.6182312925173505,G3
42.97433106575964,0.005804988662120536,G3
42.98013605442177,0.15092970521513394,R3
43.12816326530612,0.24090702947800224,S3
43.26748299319728,0.12480725623559152,S3
43.39229024943311,0.1451247165530134,N2
43.415510204081635,0.29315192743708707,D2
43.566439909297046,0.3976417233552567,P2
43.9524716553288,0.03192743764166295,M2
43.98439909297052,0.0725623582765067,G2
44.0279365079365,0.08997732426286831,M2
44.04825396825397,0.08997732426286831,G2
44.05115646258504,0.08997732426286831,M2
44.054058956916094,0.09287981859392858,G2
44.05986394557823,0.10448979591816965,M2
44.07437641723356,0.19736961451209822,P2
44.170158730158725,0.3541043083893527,D2
44.32979591836735,0.3831292516999554,N2
44.36172335600907,0.5369614512461496,S3
44.51845804988663,0.5688888888878125,R3
44.553287981859405,0.5717913832188728,S3
44.666485260770976,0.10739229024949282,S3
44.773877551020405,0.12190476190482968,N2
44.7912925170068,0.12480725623589706,D2
44.79709750566894,0.15963718820870554,N2
44.83482993197279,0.26993197278926573,D2
44.94802721088436,0.3512018140591522,P2
45.03219954648526,0.412154195011567,D2
45.09605442176871,0.4382766439911734,N2
45.125079365079365,0.528253968254262,D2
45.21795918367347,0.551473922902801,N2
45.24408163265306,0.6559637188212264,S3
45.39791383219954,0.011609977324297915,G3
45.409523809523805,0.08997732426330884,R3
45.49079365079365,0.13351473922942603,G3
45.53723356009071,0.24090702947918174,M3
45.6475283446712,0.24961451247240518,G3
45.65913832199546,0.5369614512487786,M3
45.949387755102045,0.551473922904151,G3
45.966802721088435,0.5746938775527468,R3
45.99292517006803,0.618231292518864,G3
46.03936507936508,0.6820861678025025,R3
46.364444444444445,0.11029478458056019,M3
46.47473922902494,0.2089795918368509,P3
46.57632653061225,0.2525170068028615,D3
46.6227664399093,0.2525170068028615,N3
46.625668934240366,0.2525170068028615,D3
47.072653061224486,0.12480725623589706,S4
47.19746031746032,0.26993197278926573,N3
47.34548752834466,0.3047619047620742,D3
47.38321995464853,0.3802267573698259,P3
47.46158730158729,0.3947392290251628,D3
47.50512471655329,0.15963718820870554,M3
47.6647619047619,0.1857596371883119,G3
47.77505668934241,0.005804988662134747,G3
47.78086167800453,0.07836734693881908,R3
47.85632653061224,0.11609977324269494,G3
47.896961451247165,0.17124716553297503,R3
47.95501133786848,0.2525170068028615,S3
48.08272108843538,0.1277097505666518,S3
48.21043083900227,0.1538321995461942,N2
48.23945578231292,0.30185941043026787,D2
48.39038548752834,0.4266666666658594,P2
51.11292517006803,0.464399092968506,M2
51.577324263038555,0.4731065759616655,P2
51.58893424036281,0.5224489795895693,D2
51.641179138322,0.5688888888864199,N2
51.69052154195011,0.7488435374117159,D2
51.87337868480726,0.8504308389985766,P2
51.977868480725625,0.928798185937012,D2
52.05913832199546,1.015873015868607,P2
52.149115646258494,1.0390929705170322,D2
52.175238095238086,1.053605442172298,N2
52.19265306122449,1.1842176870696903,S3
52.32616780045352,1.3003174603118168,N2
52.44517006802721,1.3873922902434117,D2
52.53514739229025,1.4135147392228902,N2
52.5641723356009,1.5121995464786977,D2
52.66575963718821,1.5557369614444951,N2
52.71219954648526,1.6399092970450369,D2
52.79927437641724,1.677641723348728,N2
52.83990929705215,1.6892517006729406,S3
53.47265306122449,0.046439909297077975,G3
53.519092970521534,0.10739229024949282,R3
53.58294784580498,0.17995464852617715,S3
53.6584126984127,0.22058956916112038,R3
53.701950113378686,0.31056689342420896,S3
53.79482993197279,0.32217687074847845,R3
53.80934240362812,0.4063492063494323,S3
53.896417233560086,0.5834013605445421,R3
54.07637188208617,0.6008163265309463,S3
54.09668934240362,0.606621315193081,R3
54.10539682539682,1.2770975056696443,S3
54.77877551020408,1.3815873015880697,N2
54.886167800453514,1.6660317460326723,D2
55.173514739229034,1.7240816326540198,N2
55.23446712018141,1.7676190476200304,S3
55.280907029478456,1.8314739229035126,N2
55.34766439909297,1.9156462585044665,D2
55.92526077097506,0.11900226757376231,S3
56.04426303854876,0.25832199546499623,N2
56.18648526077098,0.29024943310673734,D2
56.221315192743766,0.3512018140591522,N2
56.285170068027206,0.42086167800476915,D2
56.357732426303855,0.45278911564651025,N2
56.39256235827664,0.505034013605723,S3
56.44770975056689,0.6240362811794853,N2
56.56961451247166,1.0245804988667828,S3
56.9730612244898,1.041995464853187,N2
56.99337868480725,1.1145578231298714,S3
57.123990929705215,0.0870748299320212,M3
57.211065759637194,0.24380952380965937,G3
57.37070294784581,0.4789115646261166,R3
57.6087074829932,0.49922902494358823,G3
57.63192743764172,0.7778684807260561,M3
57.91346938775511,0.7894784580503256,G3
57.92798185941042,1.0507029478463892,M3
58.19210884353742,1.0623129251706587,G3
58.206621315192734,1.088435374150265,M3
58.2356462585034,1.1058503401366693,P3
58.25596371882087,1.2016326530618926,D3
58.3546485260771,1.2770975056696443,P3
58.43301587301588,1.6428117913841334,M3
58.801632653061226,1.663129251701605,P3
58.82485260770975,1.7443990929714914,D3
58.909024943310655,1.802448979592839,P3
58.96997732426304,2.144943310658789,M3
59.31537414965987,2.1942857142869343,G3
59.36761904761905,2.3916553287995157,M3
59.567891156462586,2.4758276644004695,G3
59.65496598639456,2.7631746031761395,R3
59.945215419501125,2.7951020408178806,G3
59.980045351473926,2.8415419501149586,M3
60.02938775510204,2.8879818594120366,G3
